image,issue
data/test/images/AoF07743.jpg,"Label line 3: zero-area box; retained for class counts, size invalid"
data/test/images/AoF07774.jpg,"Label line 3: zero-area box; retained for class counts, size invalid"
data/test/images/AoF07867.jpg,Label line 1: box extends beyond image; original dimensions retained
data/test/images/AoF07920.jpg,Label line 5: box extends beyond image; original dimensions retained
data/test/images/AoF08348.jpg,"Label line 2: zero-area box; retained for class counts, size invalid"
data/test/images/PublicDataset01162.jpg,Label line 1: box extends beyond image; original dimensions retained
data/test/images/PublicDataset01321.jpg,Label line 2: box extends beyond image; original dimensions retained
data/test/images/PublicDataset01323.jpg,Label line 2: box extends beyond image; original dimensions retained
data/test/images/WEB10509.jpg,Label line 3: box extends beyond image; original dimensions retained
data/test/images/WEB10513.jpg,Label line 2: box extends beyond image; original dimensions retained
data/test/images/WEB10590.jpg,Label line 2: box extends beyond image; original dimensions retained
data/test/images/WEB10669.jpg,"Label line 5: zero-area box; retained for class counts, size invalid"
data/test/images/WEB10739.jpg,Label line 3: box extends beyond image; original dimensions retained
data/test/images/WEB10743.jpg,Label line 1: box extends beyond image; original dimensions retained
data/test/images/WEB10755.jpg,Label line 2: box extends beyond image; original dimensions retained
data/test/images/WEB10765.jpg,Label line 4: box extends beyond image; original dimensions retained
data/test/images/WEB10766.jpg,Label line 2: box extends beyond image; original dimensions retained
data/test/images/WEB10767.jpg,Label line 1: box extends beyond image; original dimensions retained
data/test/images/WEB10769.jpg,Label line 2: box extends beyond image; original dimensions retained
data/test/images/WEB10770.jpg,Label line 2: box extends beyond image; original dimensions retained
data/test/images/WEB10772.jpg,Label line 3: box extends beyond image; original dimensions retained
data/test/images/WEB10773.jpg,Label line 4: box extends beyond image; original dimensions retained
data/test/images/WEB10775.jpg,Label line 3: box extends beyond image; original dimensions retained
data/test/images/WEB10777.jpg,Label line 4: box extends beyond image; original dimensions retained
data/test/images/WEB10778.jpg,Label line 6: box extends beyond image; original dimensions retained
data/test/images/WEB10779.jpg,Label line 1: box extends beyond image; original dimensions retained
data/test/images/WEB10779.jpg,Label line 2: box extends beyond image; original dimensions retained
data/test/images/WEB10781.jpg,Label line 1: box extends beyond image; original dimensions retained
data/test/images/WEB10781.jpg,Label line 3: box extends beyond image; original dimensions retained
data/test/images/WEB10782.jpg,Label line 8: box extends beyond image; original dimensions retained
data/test/images/WEB10793.jpg,Label line 3: box extends beyond image; original dimensions retained
data/test/images/WEB10798.jpg,Label line 3: box extends beyond image; original dimensions retained
data/test/images/WEB10801.jpg,Label line 6: box extends beyond image; original dimensions retained
data/test/images/WEB10803.jpg,Label line 5: box extends beyond image; original dimensions retained
data/test/images/WEB10807.jpg,Label line 1: box extends beyond image; original dimensions retained
data/test/images/WEB10807.jpg,Label line 2: box extends beyond image; original dimensions retained
data/test/images/WEB10807.jpg,Label line 7: box extends beyond image; original dimensions retained
data/test/images/WEB10809.jpg,Label line 1: box extends beyond image; original dimensions retained
data/test/images/WEB10819.jpg,Label line 1: box extends beyond image; original dimensions retained
data/test/images/WEB10820.jpg,Label line 1: box extends beyond image; original dimensions retained
data/test/images/WEB10821.jpg,Label line 3: box extends beyond image; original dimensions retained
data/test/images/WEB10910.jpg,Label line 1: box extends beyond image; original dimensions retained
data/test/images/WEB11002.jpg,Label line 2: box extends beyond image; original dimensions retained
data/test/images/WEB11090.jpg,Label line 1: box extends beyond image; original dimensions retained
data/test/images/WEB11126.jpg,Label line 1: box extends beyond image; original dimensions retained
data/test/images/WEB11598.jpg,Label line 1: box extends beyond image; original dimensions retained
data/test/images/WEB11600.jpg,Label line 1: box extends beyond image; original dimensions retained
data/test/images/WEB11602.jpg,Label line 1: box extends beyond image; original dimensions retained
data/test/images/WEB11603.jpg,Label line 2: box extends beyond image; original dimensions retained
data/test/images/WEB11606.jpg,Label line 1: box extends beyond image; original dimensions retained
data/test/images/WEB11607.jpg,Label line 1: box extends beyond image; original dimensions retained
data/test/images/WEB11614.jpg,Label line 1: box extends beyond image; original dimensions retained
data/test/images/WEB11620.jpg,Label line 1: box extends beyond image; original dimensions retained
data/test/images/WEB11621.jpg,Label line 1: box extends beyond image; original dimensions retained
data/test/images/WEB11624.jpg,Label line 1: box extends beyond image; original dimensions retained
data/test/images/WEB11804.jpg,Label line 1: box extends beyond image; original dimensions retained
data/train/images/AoF04627.jpg,Label line 1: box extends beyond image; original dimensions retained
data/train/images/AoF04664.jpg,Label line 1: box extends beyond image; original dimensions retained
data/train/images/AoF04723.jpg,Label line 1: box extends beyond image; original dimensions retained
data/train/images/AoF04798.jpg,Label line 1: box extends beyond image; original dimensions retained
data/train/images/AoF04856.jpg,Label line 1: box extends beyond image; original dimensions retained
data/train/images/AoF04857.jpg,Label line 2: box extends beyond image; original dimensions retained
data/train/images/AoF04858.jpg,Label line 6: box extends beyond image; original dimensions retained
data/train/images/AoF04861.jpg,Label line 2: box extends beyond image; original dimensions retained
data/train/images/AoF04869.jpg,Label line 5: box extends beyond image; original dimensions retained
data/train/images/AoF04871.jpg,Label line 4: box extends beyond image; original dimensions retained
data/train/images/AoF04873.jpg,Label line 4: box extends beyond image; original dimensions retained
data/train/images/AoF04875.jpg,Label line 2: box extends beyond image; original dimensions retained
data/train/images/AoF05311.jpg,Label line 1: box extends beyond image; original dimensions retained
data/train/images/AoF05352.jpg,Label line 1: box extends beyond image; original dimensions retained
data/train/images/AoF05411.jpg,Label line 1: box extends beyond image; original dimensions retained
data/train/images/AoF05412.jpg,Label line 1: box extends beyond image; original dimensions retained
data/train/images/AoF05413.jpg,Label line 1: box extends beyond image; original dimensions retained
data/train/images/AoF05470.jpg,"Label line 2: zero-area box; retained for class counts, size invalid"
data/train/images/AoF05874.jpg,Label line 1: box extends beyond image; original dimensions retained
data/train/images/AoF06155.jpg,"Label line 2: zero-area box; retained for class counts, size invalid"
data/train/images/AoF06348.jpg,"Label line 2: zero-area box; retained for class counts, size invalid"
data/train/images/AoF06439.jpg,"Label line 2: zero-area box; retained for class counts, size invalid"
data/train/images/AoF06456.jpg,"Label line 2: zero-area box; retained for class counts, size invalid"
data/train/images/PublicDataset00056.jpg,"Label line 5: zero-area box; retained for class counts, size invalid"
data/train/images/WEB03821.jpg,Label line 2: box extends beyond image; original dimensions retained
data/train/images/WEB04008.jpg,Label line 2: box extends beyond image; original dimensions retained
data/train/images/WEB04008.jpg,Label line 3: box extends beyond image; original dimensions retained
data/train/images/WEB04012.jpg,Label line 2: box extends beyond image; original dimensions retained
data/train/images/WEB04112.jpg,Label line 1: box extends beyond image; original dimensions retained
data/train/images/WEB04185.jpg,Label line 3: box extends beyond image; original dimensions retained
data/train/images/WEB04188.jpg,Label line 1: box extends beyond image; original dimensions retained
data/train/images/WEB04193.jpg,Label line 1: box extends beyond image; original dimensions retained
data/train/images/WEB04195.jpg,Label line 1: box extends beyond image; original dimensions retained
data/train/images/WEB04243.jpg,"Label line 5: zero-area box; retained for class counts, size invalid"
data/train/images/WEB04331.jpg,Label line 5: box extends beyond image; original dimensions retained
data/train/images/WEB04420.jpg,Label line 2: box extends beyond image; original dimensions retained
data/train/images/WEB04435.jpg,Label line 2: box extends beyond image; original dimensions retained
data/train/images/WEB04450.jpg,Label line 1: box extends beyond image; original dimensions retained
data/train/images/WEB04527.jpg,"Label line 2: zero-area box; retained for class counts, size invalid"
data/train/images/WEB04742.jpg,"Label line 5: zero-area box; retained for class counts, size invalid"
data/train/images/WEB04849.jpg,"Label line 5: zero-area box; retained for class counts, size invalid"
data/train/images/WEB04983.jpg,Label line 8: box extends beyond image; original dimensions retained
data/train/images/WEB05038.jpg,Label line 1: box extends beyond image; original dimensions retained
data/train/images/WEB05038.jpg,Label line 2: box extends beyond image; original dimensions retained
data/train/images/WEB05050.jpg,Label line 4: box extends beyond image; original dimensions retained
data/train/images/WEB05084.jpg,Label line 4: box extends beyond image; original dimensions retained
data/train/images/WEB05086.jpg,Label line 2: box extends beyond image; original dimensions retained
data/train/images/WEB05088.jpg,Label line 2: box extends beyond image; original dimensions retained
data/train/images/WEB05092.jpg,Label line 1: box extends beyond image; original dimensions retained
data/train/images/WEB05093.jpg,Label line 3: box extends beyond image; original dimensions retained
data/train/images/WEB05096.jpg,Label line 2: box extends beyond image; original dimensions retained
data/train/images/WEB05096.jpg,Label line 3: box extends beyond image; original dimensions retained
data/train/images/WEB05100.jpg,Label line 3: box extends beyond image; original dimensions retained
data/train/images/WEB05100.jpg,Label line 5: box extends beyond image; original dimensions retained
data/train/images/WEB05103.jpg,Label line 2: box extends beyond image; original dimensions retained
data/train/images/WEB05103.jpg,Label line 3: box extends beyond image; original dimensions retained
data/train/images/WEB05107.jpg,Label line 1: box extends beyond image; original dimensions retained
data/train/images/WEB05108.jpg,Label line 3: box extends beyond image; original dimensions retained
data/train/images/WEB05110.jpg,Label line 5: box extends beyond image; original dimensions retained
data/train/images/WEB05111.jpg,Label line 4: box extends beyond image; original dimensions retained
data/train/images/WEB05112.jpg,Label line 1: box extends beyond image; original dimensions retained
data/train/images/WEB05114.jpg,Label line 2: box extends beyond image; original dimensions retained
data/train/images/WEB05114.jpg,Label line 3: box extends beyond image; original dimensions retained
data/train/images/WEB05115.jpg,Label line 4: box extends beyond image; original dimensions retained
data/train/images/WEB05117.jpg,Label line 4: box extends beyond image; original dimensions retained
data/train/images/WEB05118.jpg,Label line 3: box extends beyond image; original dimensions retained
data/train/images/WEB05124.jpg,Label line 2: box extends beyond image; original dimensions retained
data/train/images/WEB05126.jpg,Label line 3: box extends beyond image; original dimensions retained
data/train/images/WEB05129.jpg,Label line 4: box extends beyond image; original dimensions retained
data/train/images/WEB05130.jpg,Label line 1: box extends beyond image; original dimensions retained
data/train/images/WEB05131.jpg,Label line 1: box extends beyond image; original dimensions retained
data/train/images/WEB05145.jpg,Label line 4: box extends beyond image; original dimensions retained
data/train/images/WEB05152.jpg,Label line 3: box extends beyond image; original dimensions retained
data/train/images/WEB05155.jpg,Label line 5: box extends beyond image; original dimensions retained
data/train/images/WEB05157.jpg,Label line 5: box extends beyond image; original dimensions retained
data/train/images/WEB05157.jpg,Label line 6: box extends beyond image; original dimensions retained
data/train/images/WEB05158.jpg,Label line 7: box extends beyond image; original dimensions retained
data/train/images/WEB05158.jpg,Label line 8: box extends beyond image; original dimensions retained
data/train/images/WEB05160.jpg,Label line 6: box extends beyond image; original dimensions retained
data/train/images/WEB05162.jpg,Label line 6: box extends beyond image; original dimensions retained
data/train/images/WEB05164.jpg,Label line 5: box extends beyond image; original dimensions retained
data/train/images/WEB05165.jpg,Label line 2: box extends beyond image; original dimensions retained
data/train/images/WEB05165.jpg,Label line 3: box extends beyond image; original dimensions retained
data/train/images/WEB05167.jpg,Label line 8: box extends beyond image; original dimensions retained
data/train/images/WEB05167.jpg,Label line 9: box extends beyond image; original dimensions retained
data/train/images/WEB05174.jpg,Label line 7: box extends beyond image; original dimensions retained
data/train/images/WEB05176.jpg,Label line 4: box extends beyond image; original dimensions retained
data/train/images/WEB05188.jpg,Label line 8: box extends beyond image; original dimensions retained
data/train/images/WEB05192.jpg,Label line 6: box extends beyond image; original dimensions retained
data/train/images/WEB05192.jpg,Label line 7: box extends beyond image; original dimensions retained
data/train/images/WEB05195.jpg,Label line 1: box extends beyond image; original dimensions retained
data/train/images/WEB05195.jpg,Label line 2: box extends beyond image; original dimensions retained
data/train/images/WEB05196.jpg,Label line 3: box extends beyond image; original dimensions retained
data/train/images/WEB05196.jpg,Label line 4: box extends beyond image; original dimensions retained
data/train/images/WEB05201.jpg,Label line 6: box extends beyond image; original dimensions retained
data/train/images/WEB05206.jpg,Label line 3: box extends beyond image; original dimensions retained
data/train/images/WEB05206.jpg,Label line 4: box extends beyond image; original dimensions retained
data/train/images/WEB05212.jpg,Label line 1: box extends beyond image; original dimensions retained
data/train/images/WEB05215.jpg,Label line 4: box extends beyond image; original dimensions retained
data/train/images/WEB05217.jpg,Label line 4: box extends beyond image; original dimensions retained
data/train/images/WEB05217.jpg,Label line 5: box extends beyond image; original dimensions retained
data/train/images/WEB05219.jpg,Label line 5: box extends beyond image; original dimensions retained
data/train/images/WEB05219.jpg,Label line 6: box extends beyond image; original dimensions retained
data/train/images/WEB05220.jpg,Label line 5: box extends beyond image; original dimensions retained
data/train/images/WEB05223.jpg,Label line 5: box extends beyond image; original dimensions retained
data/train/images/WEB05224.jpg,Label line 5: box extends beyond image; original dimensions retained
data/train/images/WEB05227.jpg,Label line 4: box extends beyond image; original dimensions retained
data/train/images/WEB05228.jpg,Label line 4: box extends beyond image; original dimensions retained
data/train/images/WEB05229.jpg,Label line 4: box extends beyond image; original dimensions retained
data/train/images/WEB05231.jpg,Label line 3: box extends beyond image; original dimensions retained
data/train/images/WEB05232.jpg,Label line 5: box extends beyond image; original dimensions retained
data/train/images/WEB05233.jpg,Label line 3: box extends beyond image; original dimensions retained
data/train/images/WEB05236.jpg,Label line 4: box extends beyond image; original dimensions retained
data/train/images/WEB05237.jpg,Label line 7: box extends beyond image; original dimensions retained
data/train/images/WEB05238.jpg,Label line 1: box extends beyond image; original dimensions retained
data/train/images/WEB05238.jpg,Label line 5: box extends beyond image; original dimensions retained
data/train/images/WEB05243.jpg,Label line 6: box extends beyond image; original dimensions retained
data/train/images/WEB05244.jpg,Label line 5: box extends beyond image; original dimensions retained
data/train/images/WEB05246.jpg,Label line 5: box extends beyond image; original dimensions retained
data/train/images/WEB05246.jpg,Label line 6: box extends beyond image; original dimensions retained
data/train/images/WEB05254.jpg,Label line 3: box extends beyond image; original dimensions retained
data/train/images/WEB05255.jpg,Label line 3: box extends beyond image; original dimensions retained
data/train/images/WEB05255.jpg,Label line 4: box extends beyond image; original dimensions retained
data/train/images/WEB05255.jpg,Label line 5: box extends beyond image; original dimensions retained
data/train/images/WEB05256.jpg,Label line 5: box extends beyond image; original dimensions retained
data/train/images/WEB05256.jpg,Label line 6: box extends beyond image; original dimensions retained
data/train/images/WEB05257.jpg,Label line 4: box extends beyond image; original dimensions retained
data/train/images/WEB05257.jpg,Label line 5: box extends beyond image; original dimensions retained
data/train/images/WEB05259.jpg,Label line 4: box extends beyond image; original dimensions retained
data/train/images/WEB05259.jpg,Label line 5: box extends beyond image; original dimensions retained
data/train/images/WEB05262.jpg,Label line 5: box extends beyond image; original dimensions retained
data/train/images/WEB05263.jpg,Label line 6: box extends beyond image; original dimensions retained
data/train/images/WEB05263.jpg,Label line 7: box extends beyond image; original dimensions retained
data/train/images/WEB05265.jpg,Label line 2: box extends beyond image; original dimensions retained
data/train/images/WEB05265.jpg,Label line 5: box extends beyond image; original dimensions retained
data/train/images/WEB05266.jpg,Label line 3: box extends beyond image; original dimensions retained
data/train/images/WEB05266.jpg,Label line 4: box extends beyond image; original dimensions retained
data/train/images/WEB05266.jpg,Label line 5: box extends beyond image; original dimensions retained
data/train/images/WEB05267.jpg,Label line 2: box extends beyond image; original dimensions retained
data/train/images/WEB05267.jpg,Label line 6: box extends beyond image; original dimensions retained
data/train/images/WEB05271.jpg,Label line 2: box extends beyond image; original dimensions retained
data/train/images/WEB05276.jpg,Label line 6: box extends beyond image; original dimensions retained
data/train/images/WEB05279.jpg,Label line 3: box extends beyond image; original dimensions retained
data/train/images/WEB05279.jpg,Label line 4: box extends beyond image; original dimensions retained
data/train/images/WEB05281.jpg,Label line 6: box extends beyond image; original dimensions retained
data/train/images/WEB05285.jpg,Label line 3: box extends beyond image; original dimensions retained
data/train/images/WEB05287.jpg,Label line 5: box extends beyond image; original dimensions retained
data/train/images/WEB05287.jpg,Label line 6: box extends beyond image; original dimensions retained
data/train/images/WEB05289.jpg,Label line 1: box extends beyond image; original dimensions retained
data/train/images/WEB05293.jpg,Label line 1: box extends beyond image; original dimensions retained
data/train/images/WEB05295.jpg,Label line 3: box extends beyond image; original dimensions retained
data/train/images/WEB05295.jpg,Label line 5: box extends beyond image; original dimensions retained
data/train/images/WEB05297.jpg,Label line 2: box extends beyond image; original dimensions retained
data/train/images/WEB05299.jpg,Label line 1: box extends beyond image; original dimensions retained
data/train/images/WEB05299.jpg,Label line 2: box extends beyond image; original dimensions retained
data/train/images/WEB05299.jpg,Label line 3: box extends beyond image; original dimensions retained
data/train/images/WEB05300.jpg,Label line 1: box extends beyond image; original dimensions retained
data/train/images/WEB05300.jpg,Label line 2: box extends beyond image; original dimensions retained
data/train/images/WEB05300.jpg,Label line 3: box extends beyond image; original dimensions retained
data/train/images/WEB05304.jpg,Label line 2: box extends beyond image; original dimensions retained
data/train/images/WEB05305.jpg,Label line 1: box extends beyond image; original dimensions retained
data/train/images/WEB05305.jpg,Label line 2: box extends beyond image; original dimensions retained
data/train/images/WEB05307.jpg,Label line 1: box extends beyond image; original dimensions retained
data/train/images/WEB05308.jpg,Label line 1: box extends beyond image; original dimensions retained
data/train/images/WEB05308.jpg,Label line 2: box extends beyond image; original dimensions retained
data/train/images/WEB05315.jpg,Label line 4: box extends beyond image; original dimensions retained
data/train/images/WEB05316.jpg,Label line 1: box extends beyond image; original dimensions retained
data/train/images/WEB05316.jpg,Label line 5: box extends beyond image; original dimensions retained
data/train/images/WEB05317.jpg,Label line 3: box extends beyond image; original dimensions retained
data/train/images/WEB05318.jpg,Label line 4: box extends beyond image; original dimensions retained
data/train/images/WEB05328.jpg,Label line 4: box extends beyond image; original dimensions retained
data/train/images/WEB05331.jpg,Label line 4: box extends beyond image; original dimensions retained
data/train/images/WEB05333.jpg,Label line 5: box extends beyond image; original dimensions retained
data/train/images/WEB05343.jpg,Label line 4: box extends beyond image; original dimensions retained
data/train/images/WEB05348.jpg,Label line 1: box extends beyond image; original dimensions retained
data/train/images/WEB05348.jpg,Label line 3: box extends beyond image; original dimensions retained
data/train/images/WEB05355.jpg,Label line 1: box extends beyond image; original dimensions retained
data/train/images/WEB05356.jpg,Label line 1: box extends beyond image; original dimensions retained
data/train/images/WEB05358.jpg,Label line 1: box extends beyond image; original dimensions retained
data/train/images/WEB05360.jpg,Label line 1: box extends beyond image; original dimensions retained
data/train/images/WEB05362.jpg,Label line 2: box extends beyond image; original dimensions retained
data/train/images/WEB05363.jpg,Label line 2: box extends beyond image; original dimensions retained
data/train/images/WEB05757.jpg,Label line 2: box extends beyond image; original dimensions retained
data/train/images/WEB05882.jpg,"Label line 7: zero-area box; retained for class counts, size invalid"
data/train/images/WEB05886.jpg,Label line 2: box extends beyond image; original dimensions retained
data/train/images/WEB06028.jpg,Label line 1: box extends beyond image; original dimensions retained
data/train/images/WEB06101.jpg,Label line 3: box extends beyond image; original dimensions retained
data/train/images/WEB06251.jpg,Label line 1: box extends beyond image; original dimensions retained
data/train/images/WEB06363.jpg,Label line 2: box extends beyond image; original dimensions retained
data/train/images/WEB06611.jpg,Label line 2: box extends beyond image; original dimensions retained
data/train/images/WEB06733.jpg,Label line 1: box extends beyond image; original dimensions retained
data/train/images/WEB06750.jpg,Label line 4: box extends beyond image; original dimensions retained
data/train/images/WEB06754.jpg,Label line 2: box extends beyond image; original dimensions retained
data/train/images/WEB06900.jpg,"Label line 8: zero-area box; retained for class counts, size invalid"
data/train/images/WEB07167.jpg,Label line 3: box extends beyond image; original dimensions retained
data/train/images/WEB07460.jpg,Label line 2: box extends beyond image; original dimensions retained
data/train/images/WEB07714.jpg,Label line 2: box extends beyond image; original dimensions retained
data/train/images/WEB07720.jpg,Label line 1: box extends beyond image; original dimensions retained
data/train/images/WEB07998.jpg,"Label line 2: zero-area box; retained for class counts, size invalid"
data/train/images/WEB08558.jpg,Label line 1: box extends beyond image; original dimensions retained
data/train/images/WEB08559.jpg,Label line 3: box extends beyond image; original dimensions retained
data/train/images/WEB08632.jpg,Label line 1: box extends beyond image; original dimensions retained
data/train/images/WEB08636.jpg,Label line 2: box extends beyond image; original dimensions retained
data/train/images/WEB08643.jpg,Label line 3: box extends beyond image; original dimensions retained
data/train/images/WEB08646.jpg,Label line 5: box extends beyond image; original dimensions retained
data/train/images/WEB08646.jpg,Label line 6: box extends beyond image; original dimensions retained
data/train/images/WEB08654.jpg,Label line 2: box extends beyond image; original dimensions retained
data/train/images/WEB08656.jpg,Label line 1: box extends beyond image; original dimensions retained
data/train/images/WEB08658.jpg,Label line 3: box extends beyond image; original dimensions retained
data/train/images/WEB08659.jpg,Label line 2: box extends beyond image; original dimensions retained
data/train/images/WEB08661.jpg,Label line 1: box extends beyond image; original dimensions retained
data/train/images/WEB08669.jpg,Label line 1: box extends beyond image; original dimensions retained
data/train/images/WEB08673.jpg,Label line 1: box extends beyond image; original dimensions retained
data/train/images/WEB08675.jpg,Label line 1: box extends beyond image; original dimensions retained
data/train/images/WEB08676.jpg,Label line 1: box extends beyond image; original dimensions retained
data/train/images/WEB08677.jpg,Label line 1: box extends beyond image; original dimensions retained
data/train/images/WEB08681.jpg,Label line 1: box extends beyond image; original dimensions retained
data/train/images/WEB08683.jpg,Label line 2: box extends beyond image; original dimensions retained
data/train/images/WEB08686.jpg,Label line 2: box extends beyond image; original dimensions retained
data/train/images/WEB08687.jpg,Label line 1: box extends beyond image; original dimensions retained
data/train/images/WEB08696.jpg,Label line 1: box extends beyond image; original dimensions retained
data/train/images/WEB08698.jpg,Label line 2: box extends beyond image; original dimensions retained
data/train/images/WEB08708.jpg,Label line 1: box extends beyond image; original dimensions retained
data/train/images/WEB08711.jpg,Label line 1: box extends beyond image; original dimensions retained
data/train/images/WEB08712.jpg,Label line 1: box extends beyond image; original dimensions retained
data/train/images/WEB08714.jpg,Label line 1: box extends beyond image; original dimensions retained
data/train/images/WEB08718.jpg,Label line 3: box extends beyond image; original dimensions retained
data/train/images/WEB08725.jpg,Label line 1: box extends beyond image; original dimensions retained
data/train/images/WEB08727.jpg,Label line 1: box extends beyond image; original dimensions retained
data/train/images/WEB09163.jpg,Label line 1: box extends beyond image; original dimensions retained
data/train/images/WEB09241.jpg,Label line 2: box extends beyond image; original dimensions retained
data/train/images/WEB09312.jpg,Label line 1: box extends beyond image; original dimensions retained
data/train/images/WEB09339.jpg,Label line 1: box extends beyond image; original dimensions retained
data/train/images/WEB09346.jpg,Label line 1: box extends beyond image; original dimensions retained
data/train/images/WEB09363.jpg,Label line 1: box extends beyond image; original dimensions retained
data/train/images/WEB09424.jpg,Label line 1: box extends beyond image; original dimensions retained
data/val/images/AoF04860.jpg,Label line 5: box extends beyond image; original dimensions retained
data/val/images/WEB03765.jpg,Label line 1: box extends beyond image; original dimensions retained
data/val/images/WEB03951.jpg,Label line 4: box extends beyond image; original dimensions retained
data/val/images/WEB04449.jpg,Label line 1: box extends beyond image; original dimensions retained
data/val/images/WEB04980.jpg,Label line 8: box extends beyond image; original dimensions retained
data/val/images/WEB05040.jpg,Label line 1: box extends beyond image; original dimensions retained
data/val/images/WEB05089.jpg,Label line 4: box extends beyond image; original dimensions retained
data/val/images/WEB05090.jpg,Label line 4: box extends beyond image; original dimensions retained
data/val/images/WEB05091.jpg,Label line 1: box extends beyond image; original dimensions retained
data/val/images/WEB05091.jpg,Label line 3: box extends beyond image; original dimensions retained
data/val/images/WEB05097.jpg,Label line 4: box extends beyond image; original dimensions retained
data/val/images/WEB05099.jpg,Label line 5: box extends beyond image; original dimensions retained
data/val/images/WEB05102.jpg,Label line 2: box extends beyond image; original dimensions retained
data/val/images/WEB05102.jpg,Label line 5: box extends beyond image; original dimensions retained
data/val/images/WEB05105.jpg,Label line 3: box extends beyond image; original dimensions retained
data/val/images/WEB05105.jpg,Label line 5: box extends beyond image; original dimensions retained
data/val/images/WEB05190.jpg,Label line 6: box extends beyond image; original dimensions retained
data/val/images/WEB05194.jpg,Label line 5: box extends beyond image; original dimensions retained
data/val/images/WEB05199.jpg,Label line 6: box extends beyond image; original dimensions retained
data/val/images/WEB05199.jpg,Label line 8: box extends beyond image; original dimensions retained
data/val/images/WEB05214.jpg,Label line 1: box extends beyond image; original dimensions retained
data/val/images/WEB05225.jpg,Label line 5: box extends beyond image; original dimensions retained
data/val/images/WEB05230.jpg,Label line 3: box extends beyond image; original dimensions retained
data/val/images/WEB05251.jpg,Label line 7: box extends beyond image; original dimensions retained
data/val/images/WEB05268.jpg,Label line 4: box extends beyond image; original dimensions retained
data/val/images/WEB05270.jpg,Label line 5: box extends beyond image; original dimensions retained
data/val/images/WEB05273.jpg,Label line 3: box extends beyond image; original dimensions retained
data/val/images/WEB05282.jpg,Label line 4: box extends beyond image; original dimensions retained
data/val/images/WEB05286.jpg,Label line 4: box extends beyond image; original dimensions retained
data/val/images/WEB05290.jpg,Label line 2: box extends beyond image; original dimensions retained
data/val/images/WEB05290.jpg,Label line 6: box extends beyond image; original dimensions retained
data/val/images/WEB05291.jpg,Label line 5: box extends beyond image; original dimensions retained
data/val/images/WEB05292.jpg,Label line 2: box extends beyond image; original dimensions retained
data/val/images/WEB05298.jpg,Label line 1: box extends beyond image; original dimensions retained
data/val/images/WEB05298.jpg,Label line 2: box extends beyond image; original dimensions retained
data/val/images/WEB05298.jpg,Label line 3: box extends beyond image; original dimensions retained
data/val/images/WEB05301.jpg,Label line 1: box extends beyond image; original dimensions retained
data/val/images/WEB05301.jpg,Label line 2: box extends beyond image; original dimensions retained
data/val/images/WEB05323.jpg,Label line 3: box extends beyond image; original dimensions retained
data/val/images/WEB05327.jpg,Label line 4: box extends beyond image; original dimensions retained
data/val/images/WEB05347.jpg,Label line 3: box extends beyond image; original dimensions retained
data/val/images/WEB05365.jpg,Label line 3: box extends beyond image; original dimensions retained
data/val/images/WEB08540.jpg,"Label line 2: zero-area box; retained for class counts, size invalid"
data/val/images/WEB08560.jpg,Label line 2: box extends beyond image; original dimensions retained
data/val/images/WEB08641.jpg,Label line 1: box extends beyond image; original dimensions retained
data/val/images/WEB08642.jpg,Label line 2: box extends beyond image; original dimensions retained
data/val/images/WEB08642.jpg,Label line 3: box extends beyond image; original dimensions retained
data/val/images/WEB08678.jpg,Label line 3: box extends beyond image; original dimensions retained
data/val/images/WEB08690.jpg,Label line 3: box extends beyond image; original dimensions retained
data/val/images/WEB08691.jpg,Label line 2: box extends beyond image; original dimensions retained
data/val/images/WEB08701.jpg,Label line 2: box extends beyond image; original dimensions retained
data/val/images/WEB08702.jpg,Label line 2: box extends beyond image; original dimensions retained
data/val/images/WEB08709.jpg,Label line 1: box extends beyond image; original dimensions retained
data/val/images/WEB08710.jpg,Label line 1: box extends beyond image; original dimensions retained
data/val/images/WEB08726.jpg,Label line 1: box extends beyond image; original dimensions retained
