split,class,size,boxes,percent,median_area_pct
ALL,smoke,small,2384,20.09,0.3277994791666667
ALL,smoke,medium,2842,23.95,3.2432725694444446
ALL,smoke,large,6628,55.86,34.60324329384532
ALL,smoke,invalid,11,0.09,0.0
ALL,fire,small,9454,64.35,0.23807857740384514
ALL,fire,medium,4383,29.83,2.453703703703704
ALL,fire,large,848,5.77,16.57752585779394
ALL,fire,invalid,7,0.05,0.0
test,smoke,small,495,21.38,0.31716579861111116
test,smoke,medium,539,23.28,3.525390625
test,smoke,large,1277,55.16,35.12565104166667
test,smoke,invalid,4,0.17,0.0
test,fire,small,1860,64.63,0.234375
test,fire,medium,848,29.46,2.4551414695945946
test,fire,large,170,5.91,16.49788629628337
test,fire,invalid,0,0.0,0
train,smoke,small,1570,20.14,0.3313162277176176
train,smoke,medium,1861,23.88,3.152235243055556
train,smoke,large,4357,55.9,34.482302523676
train,smoke,invalid,6,0.08,0.0
train,fire,small,6202,64.35,0.23713017216435184
train,fire,medium,2876,29.84,2.494728830323199
train,fire,large,553,5.74,16.773763020833336
train,fire,invalid,7,0.07,0.0
val,smoke,small,319,18.17,0.33365885416666663
val,smoke,medium,442,25.17,3.1940595518867925
val,smoke,large,994,56.61,34.14776234007004
val,smoke,invalid,1,0.06,0.0
val,fire,small,1392,63.97,0.24864366319444445
val,fire,medium,659,30.28,2.302158273381295
val,fire,large,125,5.74,15.862413194444446
val,fire,invalid,0,0.0,0
